{"0": [0.8298976636772389, 0.0027737401627234708, 0.16732737835891273], "1": [0.5113147523726019, 0.48848712892731705, 0.00019663727902423904], "2": [0.9819298560734157, 0.0010074187548369474, 0.017061269423736945], "3": [0.9792067778967037, 0.018532835189545203, 0.00225811264990557], "4": [0.959983363590964, 0.0022327084974855084, 0.0377828528252282], "5": [0.8601940504753429, 0.0046110467566493445, 0.13519398112563544], "6": [0.9841249123286919, 0.004314043261136151, 0.01155993726731259], "7": [0.9843996833075963, 0.007682202196437751, 0.007915964892263877], "8": [0.9350714609695884, 0.0006452095563261265, 0.06428208643880634], "9": [0.7169787456199093, 0.008591919515189918, 0.27442801581832604], "10": [0.009424064539886891, 0.0021435100615641257, 0.9884273313180363], "11": [0.9734656627152869, 0.007221180405918666, 0.01931211214033127], "12": [0.9210601873725477, 0.005152558083984153, 0.07378618488701705], "13": [0.9422923903799875, 0.055558342414558065, 0.0021481642605149366], "14": [0.9449891089677561, 0.05380318709864338, 0.0012065753402594236], "15": [0.8863458289157045, 0.0534871048313558, 0.060166125740908995], "16": [0.037821928563018636, 0.03415077435905743, 0.9280263291947554], "17": [0.006135954104765502, 0.11046748029292218, 0.8833955865568771], "18": [0.47167679096298865, 0.30638904773912895, 0.2219335688571379], "19": [0.0024565070137256037, 0.9937609245502844, 0.0037809950800991904], "20": [0.00014190309166525452, 0.36249842030961194, 0.6373590311880724], "21": [0.1392184398045242, 0.001060479129347927, 0.8597201728114297], "22": [0.0005363859689396787, 0.39731728099369074, 0.6021455223936132], "23": [0.8824535923491128, 0.006512319093092024, 0.11103320470421764]}